Target,Model,Best_CV_Spearman,N_Trials
target_0,ElasticNet,0.02811232075751184,10
target_0,XGBoost,0.013765089470403351,10
target_0,LightGBM,0.0027163386929705893,10
target_1,ElasticNet,0.06243719449590973,10
target_1,XGBoost,0.0,10
target_1,LightGBM,0.032121545088458596,10
target_2,ElasticNet,0.07332346207283424,10
target_2,XGBoost,0.0,10
target_2,LightGBM,0.040405935935820425,10
target_3,ElasticNet,0.06783447736386537,10
target_3,XGBoost,0.0,10
target_3,LightGBM,0.011217552155087247,10
target_4,ElasticNet,0.002053966259210907,10
target_4,XGBoost,0.0,10
target_4,LightGBM,0.02326782771734726,10
target_5,ElasticNet,0.052394384776192536,10
target_5,XGBoost,0.0,10
target_5,LightGBM,0.052519703220777515,10
target_6,ElasticNet,0.09430066458300157,10
target_6,XGBoost,0.0,10
target_6,LightGBM,0.040521935716516314,10
target_7,ElasticNet,0.058651817390135426,10
target_7,XGBoost,0.0,10
target_7,LightGBM,0.030176512066403,10
target_8,ElasticNet,0.03615471935233283,10
target_8,XGBoost,0.0,10
target_8,LightGBM,0.00816560889252744,10
target_9,ElasticNet,0.06926406926406928,10
target_9,XGBoost,0.0,10
target_9,LightGBM,0.01788465446352644,10
target_10,ElasticNet,0.06227474407753373,10
target_10,XGBoost,0.0,10
target_10,LightGBM,0.017094302581684668,10
target_11,ElasticNet,0.0,10
target_11,XGBoost,0.0,10
target_11,LightGBM,0.01671679102189917,10
target_12,ElasticNet,0.0902438093551593,10
target_12,XGBoost,0.0,10
target_12,LightGBM,0.0,10
target_13,ElasticNet,0.08127131532455491,10
target_13,XGBoost,0.0,10
target_13,LightGBM,0.06730127398133427,10
target_14,ElasticNet,0.0714989901703811,10
target_14,XGBoost,0.0,10
target_14,LightGBM,0.0020711557142515497,10
target_15,ElasticNet,0.045281689681488775,10
target_15,XGBoost,0.0,10
target_15,LightGBM,0.02545561859554923,10
target_16,ElasticNet,0.06082952944820776,10
target_16,XGBoost,0.013505946842565968,10
target_16,LightGBM,0.05590834438943992,10
target_17,ElasticNet,0.040704053934723934,10
target_17,XGBoost,0.0,10
target_17,LightGBM,0.0656193010139636,10
target_18,ElasticNet,0.057427086558176466,10
target_18,XGBoost,0.0,10
target_18,LightGBM,0.021189158548962583,10
target_19,ElasticNet,0.04498695541331266,10
target_20,ElasticNet,0.06276094573432595,10
target_20,XGBoost,0.0,10
target_20,LightGBM,0.03274898214835028,10
target_21,ElasticNet,0.0,10
target_21,XGBoost,0.0,10
target_21,LightGBM,0.011967108023255088,10
target_22,ElasticNet,0.043042197932143915,10
target_22,XGBoost,0.0,10
target_22,LightGBM,0.07641188425219486,10
target_23,ElasticNet,0.014600668041150212,10
target_23,XGBoost,0.0,10
target_23,LightGBM,0.02652320055634973,10
target_24,ElasticNet,0.0,10
target_24,XGBoost,0.0,10
target_24,LightGBM,0.005763875386596554,10
target_25,ElasticNet,0.036045537521600814,10
target_25,XGBoost,0.0,10
target_25,LightGBM,0.025444000455198314,10
target_26,ElasticNet,0.0,10
target_26,XGBoost,0.0,10
target_26,LightGBM,0.0015514143914389907,10
target_27,ElasticNet,0.03765914461777043,10
target_27,XGBoost,0.0,10
target_27,LightGBM,0.0441244786666925,10
target_28,ElasticNet,0.05425411706030303,10
target_28,XGBoost,0.0,10
target_28,LightGBM,0.04029570133481886,10
target_29,ElasticNet,0.06582878029387322,10
target_29,XGBoost,0.0,10
target_29,LightGBM,0.01869267384931999,10
target_30,ElasticNet,0.0393788318906819,10
target_30,XGBoost,0.006541215697897087,10
target_30,LightGBM,0.07208649674356263,10
target_31,ElasticNet,0.007667872610273705,10
target_31,XGBoost,0.0,10
target_31,LightGBM,0.048820933420271384,10
target_32,ElasticNet,0.04356563820522862,10
target_32,XGBoost,0.0,10
target_32,LightGBM,0.03335788081224881,10
target_33,ElasticNet,0.031327418225749276,10
target_33,XGBoost,0.0,10
target_33,LightGBM,0.0,10
target_34,ElasticNet,0.05107890715521151,10
target_34,XGBoost,0.0,10
target_34,LightGBM,0.040336497924111904,10
target_35,ElasticNet,0.0306968744121046,10
target_35,XGBoost,0.027691016881673945,10
target_35,LightGBM,0.06200112875917118,10
target_36,ElasticNet,0.031245248975033005,10
target_36,XGBoost,0.0,10
target_36,LightGBM,0.0367142484169104,10
target_37,ElasticNet,0.023320494612218023,10
target_37,XGBoost,0.0,10
target_37,LightGBM,0.015975883530770243,10
target_38,ElasticNet,0.023142890416937022,10
target_38,XGBoost,0.0,10
target_38,LightGBM,0.06728249396439388,10
target_39,ElasticNet,0.029906390278062803,10
target_39,XGBoost,0.0,10
target_39,LightGBM,0.00883857906962908,10
target_40,ElasticNet,0.029302286617143108,10
target_40,XGBoost,0.002350402092019352,10
target_40,LightGBM,0.03798021005628387,10
target_41,ElasticNet,0.08460395759910071,10
target_41,XGBoost,0.0,10
target_41,LightGBM,0.057752632531346014,10
target_42,ElasticNet,0.04206872904453809,10
target_42,XGBoost,0.0,10
target_42,LightGBM,0.0043218174485818,10
target_43,ElasticNet,0.06136221053348125,10
target_43,XGBoost,0.0,10
target_43,LightGBM,0.004883322460161234,10
target_44,ElasticNet,0.0414774603688308,10
target_44,XGBoost,0.0,10
target_44,LightGBM,0.014254257964075293,10
target_45,ElasticNet,0.005951523781759844,10
target_45,XGBoost,0.0,10
target_45,LightGBM,0.0,10
target_46,ElasticNet,0.013279406808223796,10
target_46,XGBoost,0.0,10
target_46,LightGBM,0.06818052527708456,10
target_47,ElasticNet,0.021001537139751142,10
target_47,XGBoost,0.0,10
target_47,LightGBM,0.0897121233610849,10
target_48,ElasticNet,0.012085542119382573,10
target_48,XGBoost,0.0,10
target_48,LightGBM,0.06569957392590169,10
target_49,ElasticNet,0.09393160994445647,10
target_49,XGBoost,0.0034443694001591216,10
target_49,LightGBM,0.058071931906072786,10
target_50,ElasticNet,0.019629659490983366,10
target_50,XGBoost,0.0,10
target_50,LightGBM,0.06646753632457186,10
target_51,ElasticNet,0.043191675337124015,10
target_51,XGBoost,0.0,10
target_51,LightGBM,0.031021197278895577,10
target_52,ElasticNet,0.03557050329605357,10
target_52,XGBoost,0.014722979195274613,10
target_52,LightGBM,0.003135826073824946,10
target_53,ElasticNet,0.05982259575952043,10
target_53,XGBoost,0.0,10
target_53,LightGBM,0.046527119470097335,10
target_54,ElasticNet,0.07985126941675533,10
target_54,XGBoost,0.0,10
target_54,LightGBM,0.0,10
target_55,ElasticNet,0.009852561053800085,10
target_55,XGBoost,0.0,10
target_55,LightGBM,0.029402475930842848,10
target_56,ElasticNet,0.045361134763445166,10
target_56,XGBoost,0.0,10
target_56,LightGBM,0.03679670404934091,10
target_57,ElasticNet,0.0943050132520422,10
target_57,XGBoost,0.0,10
target_57,LightGBM,0.03820902473432586,10
target_58,ElasticNet,0.018871010469817217,10
target_58,XGBoost,0.0,10
target_58,LightGBM,0.042578280472338366,10
target_59,ElasticNet,0.03624238375508229,10
target_59,XGBoost,0.0,10
target_59,LightGBM,0.0017740456405519744,10
target_60,ElasticNet,0.026973863237047566,10
target_60,XGBoost,0.04883857144027912,10
target_60,LightGBM,0.05762889991926009,10
target_61,ElasticNet,0.04001200098969201,10
target_61,XGBoost,0.0,10
target_61,LightGBM,0.016714495286299574,10
target_62,ElasticNet,0.06962181710355332,10
target_62,XGBoost,0.0,10
target_62,LightGBM,0.07014418826551261,10
target_63,ElasticNet,0.042331668349567246,10
target_63,XGBoost,0.0,10
target_63,LightGBM,0.021352048707634626,10
target_64,ElasticNet,0.06213642376374672,10
target_64,XGBoost,0.0,10
target_64,LightGBM,0.03800595551942312,10
target_65,ElasticNet,0.05407644007005774,10
target_65,XGBoost,0.0622054073357254,10
target_65,LightGBM,0.03163673107458933,10
target_66,ElasticNet,0.04765564910691091,10
target_66,XGBoost,0.0,10
target_66,LightGBM,0.03265391751827512,10
target_67,ElasticNet,0.0,10
target_67,XGBoost,0.0,10
target_67,LightGBM,-0.006363456350040324,10
target_68,ElasticNet,0.0,10
target_68,XGBoost,0.0,10
target_68,LightGBM,0.0,10
target_69,ElasticNet,0.008582159511340825,10
target_69,XGBoost,0.0,10
target_69,LightGBM,0.0,10
target_70,ElasticNet,0.04416443659445457,10
target_71,ElasticNet,0.0,10
target_71,XGBoost,0.0,10
target_71,LightGBM,0.0,10
target_72,ElasticNet,0.08731840223187237,10
target_72,XGBoost,0.0,10
target_72,LightGBM,0.018345344411429473,10
target_73,ElasticNet,0.030186288089991842,10
target_73,XGBoost,0.0,10
target_73,LightGBM,0.016825564948447277,10
target_74,ElasticNet,-0.023926768025211025,10
target_74,XGBoost,0.0,10
target_74,LightGBM,0.025138765470257184,10
target_75,ElasticNet,0.028364514476193814,10
target_75,XGBoost,0.0,10
target_75,LightGBM,0.02273517890858075,10
target_76,ElasticNet,0.05377244553537874,10
target_76,XGBoost,0.0,10
target_76,LightGBM,0.005359032556517718,10
target_77,ElasticNet,0.0632627495903883,10
target_77,XGBoost,0.0,10
target_77,LightGBM,0.04825927203087529,10
target_78,ElasticNet,0.056289121039584646,10
target_78,XGBoost,0.0,10
target_78,LightGBM,0.038030865548401634,10
target_79,ElasticNet,0.0824240050965242,10
target_79,XGBoost,0.0,10
target_79,LightGBM,0.058297437515951005,10
target_80,ElasticNet,0.04373468272524953,10
target_80,XGBoost,0.0,10
target_80,LightGBM,0.007020062990392752,10
target_81,ElasticNet,0.0,10
target_81,XGBoost,0.0,10
target_81,LightGBM,0.03954603718839416,10
target_82,ElasticNet,0.02607170226671487,10
target_82,XGBoost,0.0,10
target_82,LightGBM,0.05391999983887583,10
target_83,ElasticNet,0.06908663896308333,10
target_83,XGBoost,0.0,10
target_83,LightGBM,0.040370861752884825,10
target_84,ElasticNet,0.039717774273274026,10
target_84,XGBoost,0.0,10
target_84,LightGBM,0.02758726365817538,10
target_85,ElasticNet,0.03590580363941647,10
target_85,XGBoost,0.022057725510852947,10
target_85,LightGBM,0.033549553628949354,10
target_86,ElasticNet,0.021843383470706423,10
target_86,XGBoost,0.0,10
target_86,LightGBM,0.03550931709835636,10
target_87,ElasticNet,0.058119095035217595,10
target_87,XGBoost,0.0,10
target_87,LightGBM,0.03164356937064336,10
target_88,ElasticNet,0.02091980962066353,10
target_88,XGBoost,0.0,10
target_88,LightGBM,-0.007399361472059625,10
target_89,ElasticNet,0.05782297394552543,10
target_89,XGBoost,0.0,10
target_89,LightGBM,0.023332853317785517,10
target_90,ElasticNet,0.03955855450417015,10
target_90,XGBoost,0.0,10
target_90,LightGBM,-0.01646170199782659,10
target_91,ElasticNet,0.09881149289584272,10
target_91,XGBoost,0.027472321042045434,10
target_91,LightGBM,0.05091566611583742,10
target_92,ElasticNet,0.07293435152017753,10
target_92,XGBoost,0.0,10
target_92,LightGBM,0.06302980973625173,10
target_93,ElasticNet,0.07090256793904433,10
target_93,XGBoost,0.02573563749223572,10
target_93,LightGBM,0.037312335115022605,10
target_94,ElasticNet,0.046919388806739265,10
target_94,XGBoost,0.0,10
target_94,LightGBM,0.0012729770141625002,10
target_95,ElasticNet,0.06528031857172638,10
target_95,XGBoost,0.05781879850183482,10
target_95,LightGBM,0.06135568506893385,10
target_96,ElasticNet,0.055375296229952964,10
target_96,XGBoost,0.0,10
target_96,LightGBM,0.058274058964602936,10
target_97,ElasticNet,0.033145428226873254,10
target_97,XGBoost,0.0003224048296614302,10
target_97,LightGBM,0.010475369878981566,10
target_98,ElasticNet,0.06980202263433415,10
target_98,XGBoost,0.0,10
target_98,LightGBM,0.022673779121711368,10
target_99,ElasticNet,0.0,10
target_99,XGBoost,0.0,10
target_99,LightGBM,0.05853198903317597,10
target_100,ElasticNet,0.05603692642185428,10
target_100,XGBoost,0.0,10
target_100,LightGBM,0.009220305830415889,10
target_101,ElasticNet,0.03396833780874352,10
target_101,XGBoost,0.0,10
target_101,LightGBM,0.05112599186116842,10
target_102,ElasticNet,0.04100417564924045,10
target_102,XGBoost,0.0,10
target_102,LightGBM,0.017492416582406477,10
target_103,ElasticNet,0.022225599124083614,10
target_103,XGBoost,0.0,10
target_103,LightGBM,0.05670153877093654,10
target_104,ElasticNet,0.002227571670448389,10
target_104,XGBoost,0.0,10
target_104,LightGBM,-0.030985207111950644,10
target_105,ElasticNet,0.01700662976751979,10
target_105,XGBoost,0.0,10
target_105,LightGBM,0.05470610238636563,10
target_106,ElasticNet,0.06829057548400795,10
target_106,XGBoost,0.0,10
target_106,LightGBM,0.053415015046096304,10
target_107,ElasticNet,0.06768387243769247,10
target_107,XGBoost,0.02653074731961334,10
target_107,LightGBM,0.07431284937261862,10
target_108,ElasticNet,0.04490972581235623,10
target_108,XGBoost,0.0,10
target_108,LightGBM,0.022813600956524085,10
target_109,ElasticNet,0.06415447668695451,10
target_109,XGBoost,0.0,10
target_109,LightGBM,0.030210334127659097,10
target_110,ElasticNet,0.12124425335682974,10
target_110,XGBoost,0.0,10
target_110,LightGBM,0.07078392086118178,10
target_111,ElasticNet,0.08202023144213144,10
target_111,XGBoost,0.0,10
target_111,LightGBM,0.04717805567476427,10
target_112,ElasticNet,-0.029511866724149936,10
target_112,XGBoost,0.0,10
target_112,LightGBM,0.06154326977428692,10
target_113,ElasticNet,0.014248462798167862,10
target_113,XGBoost,0.0,10
target_113,LightGBM,0.00214279051292462,10
target_114,ElasticNet,0.14387700627961775,10
target_114,XGBoost,0.0,10
target_114,LightGBM,0.031141912958607337,10
target_115,ElasticNet,0.0816516045653128,10
target_115,XGBoost,0.0,10
target_115,LightGBM,0.03234821897108881,10
target_116,ElasticNet,0.08172585350881478,10
target_117,ElasticNet,0.004738891160854294,10
target_117,XGBoost,0.0,10
target_117,LightGBM,0.054465059167874814,10
target_118,ElasticNet,0.059813647396113306,10
target_118,XGBoost,0.0,10
target_118,LightGBM,0.07132711072016158,10
target_119,ElasticNet,0.018996374286152758,10
target_119,XGBoost,0.0,10
target_119,LightGBM,0.03398320117353443,10
target_120,ElasticNet,0.09115176643166828,10
target_120,XGBoost,0.0,10
target_120,LightGBM,0.031159448246771446,10
target_121,ElasticNet,0.01730433984051126,10
target_121,XGBoost,0.0,10
target_121,LightGBM,0.048326124356223195,10
target_122,ElasticNet,0.0,10
target_122,XGBoost,0.0,10
target_122,LightGBM,0.006519965282866094,10
target_123,ElasticNet,0.10230307973027901,10
target_123,XGBoost,0.0,10
target_123,LightGBM,0.07407765409739321,10
target_124,ElasticNet,0.09147867174269586,10
target_124,XGBoost,0.0682013120639154,10
target_124,LightGBM,0.051068731537183776,10
target_125,ElasticNet,0.022851342302881276,10
target_125,XGBoost,0.0,10
target_125,LightGBM,0.009753124047619065,10
target_126,ElasticNet,0.14202217095394742,10
target_126,XGBoost,0.0650706622404142,10
target_126,LightGBM,0.05649474895169778,10
target_127,ElasticNet,0.07621655173951102,10
target_127,XGBoost,0.0,10
target_127,LightGBM,0.02558929246360744,10
target_128,ElasticNet,0.06629171212716521,10
target_128,XGBoost,0.0,10
target_128,LightGBM,0.015666066092390345,10
target_129,ElasticNet,0.08481606939696894,10
target_129,XGBoost,0.0,10
target_129,LightGBM,0.049492408634840286,10
target_130,ElasticNet,0.1096231983423941,10
target_130,XGBoost,0.061439802010558604,10
target_130,LightGBM,0.057207767091088525,10
target_131,ElasticNet,0.03911948335749665,10
target_131,XGBoost,0.0,10
target_131,LightGBM,0.058300688181842676,10
target_132,ElasticNet,0.016317700909364404,10
target_132,XGBoost,0.0,10
target_132,LightGBM,0.031603786532583174,10
target_133,ElasticNet,0.10618043177630827,10
target_133,XGBoost,0.0,10
target_133,LightGBM,0.01942187482585171,10
target_134,ElasticNet,0.048524117163457454,10
target_134,XGBoost,0.0,10
target_134,LightGBM,0.0625764466156043,10
target_135,ElasticNet,0.055230791483866566,10
target_135,XGBoost,0.006485694612377445,10
target_135,LightGBM,0.058436083625786,10
target_136,ElasticNet,0.04075607863633001,10
target_136,XGBoost,0.0,10
target_136,LightGBM,0.07211585729602991,10
target_137,ElasticNet,0.07660927209799391,10
target_137,XGBoost,0.0,10
target_137,LightGBM,0.09957089744847569,10
target_138,ElasticNet,0.0,10
target_138,XGBoost,0.0,10
target_138,LightGBM,0.03924600777778304,10
target_139,ElasticNet,0.1376612177000244,10
target_139,XGBoost,0.06881571707436072,10
target_139,LightGBM,0.09775596051192877,10
target_140,ElasticNet,0.07400369110550019,10
target_140,XGBoost,0.023196203076547392,10
target_140,LightGBM,0.003947693163419336,10
target_141,ElasticNet,0.09882115002602043,10
target_141,XGBoost,0.0,10
target_141,LightGBM,0.015521381766491685,10
target_142,ElasticNet,0.0990707162703975,10
target_142,XGBoost,0.05212834293830304,10
target_142,LightGBM,0.05006018422895329,10
target_143,ElasticNet,0.10677485702606108,10
target_143,XGBoost,0.0637431630247257,10
target_143,LightGBM,0.06439518310208861,10
target_144,ElasticNet,0.1344434053911733,10
target_144,XGBoost,0.07318460955406407,10
target_144,LightGBM,0.0931809090194367,10
target_145,ElasticNet,0.07687749775768636,10
target_145,XGBoost,0.0,10
target_145,LightGBM,0.05142978803106646,10
target_146,ElasticNet,0.09662539855533862,10
target_146,XGBoost,0.033699456509137575,10
target_146,LightGBM,0.07355333583012334,10
target_147,ElasticNet,0.02286004323508647,10
target_147,XGBoost,0.0,10
target_147,LightGBM,0.0063235592419563875,10
target_148,ElasticNet,0.0760841774506535,10
target_148,XGBoost,0.0,10
target_148,LightGBM,0.02231582171449085,10
target_149,ElasticNet,0.08629211390144216,10
target_149,XGBoost,0.03077686962124748,10
target_149,LightGBM,0.014195024364740079,10
target_150,ElasticNet,0.07159574080332197,10
target_150,XGBoost,0.0,10
target_150,LightGBM,0.026350054836072046,10
target_151,ElasticNet,0.07936647931797096,10
target_151,XGBoost,0.0,10
target_151,LightGBM,0.05157131462526287,10
target_152,ElasticNet,0.08661553538723422,10
target_152,XGBoost,0.0,10
target_152,LightGBM,0.06689129910778502,10
target_153,ElasticNet,0.024492637851207536,10
target_153,XGBoost,0.0,10
target_153,LightGBM,0.0,10
target_154,ElasticNet,0.04488327413685058,10
target_154,XGBoost,0.021963628171257937,10
target_154,LightGBM,0.092953609680986,10
target_155,ElasticNet,0.07578213480728162,10
target_155,XGBoost,0.008110171747840308,10
target_155,LightGBM,0.03973456457140227,10
target_156,ElasticNet,0.04166494797450066,10
target_156,XGBoost,0.0,10
target_156,LightGBM,0.02006657475975933,10
target_157,ElasticNet,0.06619052268891153,10
target_157,XGBoost,0.05097581310640859,10
target_157,LightGBM,0.050972334780934624,10
target_158,ElasticNet,0.13200600799783088,10
target_158,XGBoost,0.006600900791845325,10
target_158,LightGBM,0.05677421810785043,10
target_159,ElasticNet,0.0957103290948756,10
target_159,XGBoost,0.0,10
target_159,LightGBM,0.007764157455860922,10
target_160,ElasticNet,0.054850804270436294,10
target_160,XGBoost,0.0,10
target_160,LightGBM,0.061158292023473414,10
target_161,ElasticNet,0.11445638726636265,10
target_161,XGBoost,0.0,10
target_161,LightGBM,0.03542765676346954,10
target_162,ElasticNet,0.11373493108228716,10
target_162,XGBoost,0.0,10
target_162,LightGBM,0.0069867651585103175,10
target_163,ElasticNet,0.074104756374948,10
target_163,XGBoost,0.0,10
target_163,LightGBM,0.037297203963193123,10
target_164,ElasticNet,0.04492903813786667,10
target_164,XGBoost,0.0,10
target_164,LightGBM,0.04781749608468517,10
target_165,ElasticNet,0.03652392097005936,10
target_165,XGBoost,0.027615178218557097,10
target_165,LightGBM,0.06606432693539864,10
target_166,ElasticNet,0.04963422831024709,10
target_166,XGBoost,0.0,10
target_166,LightGBM,0.03612408340479264,10
target_167,ElasticNet,0.0653543508260947,10
target_167,XGBoost,0.0,10
target_167,LightGBM,0.08936584779793035,10
target_168,ElasticNet,0.10459613034021407,10
target_168,XGBoost,0.0,10
target_168,LightGBM,0.03299836289578751,10
target_169,ElasticNet,0.0,10
target_169,XGBoost,0.0,10
target_169,LightGBM,0.041148637120828266,10
target_170,ElasticNet,0.07335318945362233,10
target_170,XGBoost,0.0,10
target_170,LightGBM,0.028950669200979773,10
target_171,ElasticNet,0.10421380937871093,10
target_171,XGBoost,0.0,10
target_171,LightGBM,0.03138573066075625,10
target_172,ElasticNet,0.07213352270696093,10
target_172,XGBoost,0.0778247906455989,10
target_172,LightGBM,0.0953470415720511,10
target_173,ElasticNet,0.10927891252018163,10
target_173,XGBoost,0.03043248530517631,10
target_173,LightGBM,0.09006296266737486,10
target_174,ElasticNet,0.1345241232632522,10
target_174,XGBoost,0.03957158605644073,10
target_174,LightGBM,0.04816070440194314,10
target_175,ElasticNet,0.10072794193996448,10
target_175,XGBoost,0.0,10
target_175,LightGBM,0.0,10
target_176,ElasticNet,0.12081638452866061,10
target_176,XGBoost,0.0,10
target_176,LightGBM,0.10719653725899785,10
target_177,ElasticNet,0.07454995794720638,10
target_177,XGBoost,0.0,10
target_177,LightGBM,0.04185230939220871,10
target_178,ElasticNet,0.05661266247767686,10
target_178,XGBoost,0.0,10
target_178,LightGBM,0.0768907028907503,10
target_179,ElasticNet,0.06621409664184535,10
target_179,XGBoost,0.0,10
target_179,LightGBM,-0.02342378813696032,10
target_180,ElasticNet,0.0574748538872183,10
target_180,XGBoost,0.0,10
target_180,LightGBM,0.05172230718617646,10
target_181,ElasticNet,0.11634393502658635,10
target_181,XGBoost,0.038126895741736645,10
target_181,LightGBM,0.1024708018575175,10
target_182,ElasticNet,0.0872889965714756,10
target_182,XGBoost,0.014162612083496874,10
target_182,LightGBM,0.062111847570840296,10
target_183,ElasticNet,0.07182302208349704,10
target_183,XGBoost,0.0,10
target_183,LightGBM,0.020026198971007183,10
target_184,ElasticNet,-0.041165166274545396,10
target_184,XGBoost,0.0,10
target_184,LightGBM,0.05009133842490915,10
target_185,ElasticNet,0.01934230072648094,10
target_185,XGBoost,0.0,10
target_185,LightGBM,0.04942897971016113,10
target_186,ElasticNet,0.06768787230309702,10
target_186,XGBoost,0.09491565608817265,10
target_186,LightGBM,0.05378404016704837,10
target_187,ElasticNet,0.1487242469298936,10
target_187,XGBoost,0.0,10
target_187,LightGBM,0.029418709739806675,10
target_188,ElasticNet,0.16943392052922215,10
target_189,ElasticNet,0.01664527589804791,10
target_189,XGBoost,0.0,10
target_189,LightGBM,0.004711204596777694,10
target_190,ElasticNet,0.08102412353824294,10
target_190,XGBoost,0.0,10
target_190,LightGBM,0.05635915351448425,10
target_191,ElasticNet,0.008502163902184693,10
target_191,XGBoost,0.0,10
target_191,LightGBM,0.09952586074215514,10
target_192,ElasticNet,0.04211263290990259,10
target_192,XGBoost,0.01038644206319708,10
target_192,LightGBM,0.0386959478813538,10
target_193,ElasticNet,0.09769866244000891,10
target_193,XGBoost,0.04609895735060032,10
target_193,LightGBM,0.08430671307910488,10
target_194,ElasticNet,0.12585840117839872,10
target_194,XGBoost,0.021796610344358532,10
target_194,LightGBM,0.05572681358102233,10
target_195,ElasticNet,0.03695020662554705,10
target_195,XGBoost,0.0,10
target_195,LightGBM,-0.010151624636518239,10
target_196,ElasticNet,0.06293927165075862,10
target_196,XGBoost,0.0,10
target_196,LightGBM,0.05137229048695582,10
target_197,ElasticNet,0.1297280938632471,10
target_197,XGBoost,0.0,10
target_197,LightGBM,0.017695890936861223,10
target_198,ElasticNet,0.10392527034244949,10
target_198,XGBoost,0.0,10
target_198,LightGBM,0.0978111187873032,10
target_199,ElasticNet,0.09451746948715177,10
target_199,XGBoost,0.0,10
target_199,LightGBM,0.07045327924715333,10
target_200,ElasticNet,0.01796996033062669,10
target_200,XGBoost,0.0,10
target_200,LightGBM,0.0010817127361236513,10
target_201,ElasticNet,0.0510122334383448,10
target_201,XGBoost,0.0,10
target_201,LightGBM,0.05870757449011841,10
target_202,ElasticNet,0.056029664601786155,10
target_202,XGBoost,0.0,10
target_202,LightGBM,0.07376566778527903,10
target_203,ElasticNet,0.06672060485164676,10
target_203,XGBoost,0.0,10
target_203,LightGBM,0.03206967025667622,10
target_204,ElasticNet,0.07634689608499663,10
target_204,XGBoost,0.0,10
target_204,LightGBM,0.03980317756492437,10
target_205,ElasticNet,0.13049327397796587,10
target_205,XGBoost,0.0,10
target_205,LightGBM,0.0646310789897654,10
target_206,ElasticNet,0.0772919491259119,10
target_206,XGBoost,0.0,10
target_206,LightGBM,0.10697041843041234,10
target_207,ElasticNet,0.009292465062595913,10
target_207,XGBoost,0.0,10
target_207,LightGBM,0.08776850392303881,10
target_208,ElasticNet,0.09924471041549453,10
target_208,XGBoost,0.016967346130846838,10
target_208,LightGBM,0.040434419844271506,10
target_209,ElasticNet,0.03220366634662744,10
target_209,XGBoost,0.0,10
target_209,LightGBM,0.07063349011297325,10
target_210,ElasticNet,0.0972502464128601,10
target_210,XGBoost,0.0,10
target_210,LightGBM,0.006668434706090356,10
target_211,ElasticNet,0.12939443119845742,10
target_211,XGBoost,0.06297140973159573,10
target_211,LightGBM,0.026596141431132442,10
target_212,ElasticNet,0.0,10
target_212,XGBoost,0.1024196291504166,10
target_212,LightGBM,0.10695496415954037,10
target_213,ElasticNet,0.07728086036329153,10
target_213,XGBoost,0.0,10
target_213,LightGBM,0.07183798916285995,10
target_214,ElasticNet,0.0,10
target_214,XGBoost,0.0,10
target_214,LightGBM,0.05751890658088505,10
target_215,ElasticNet,0.06677534946077562,10
target_215,XGBoost,0.0,10
target_215,LightGBM,0.03506744655138972,10
target_216,ElasticNet,0.15686884246486715,10
target_216,XGBoost,0.13337050297851874,10
target_216,LightGBM,0.056011932830493626,10
target_217,ElasticNet,-0.011643014117246636,10
target_217,XGBoost,0.0,10
target_217,LightGBM,0.041740047749869315,10
target_218,ElasticNet,0.09186684411205492,10
target_218,XGBoost,0.0,10
target_218,LightGBM,0.06928628564520817,10
target_219,ElasticNet,0.04409104665588126,10
target_219,XGBoost,0.14787598864558343,10
target_219,LightGBM,0.1152264549366379,10
target_220,ElasticNet,0.08515568451121619,10
target_220,XGBoost,0.0843456430941986,10
target_220,LightGBM,0.06718313473411068,10
target_221,ElasticNet,0.18506320583471916,10
target_221,XGBoost,0.04946074740867449,10
target_221,LightGBM,0.010037725342450288,10
target_222,ElasticNet,0.034299167316743207,10
target_222,XGBoost,0.023638901959471288,10
target_222,LightGBM,-0.010790271628059981,10
target_223,ElasticNet,0.0446212290732696,10
target_223,XGBoost,0.0,10
target_223,LightGBM,-0.004895073450187183,10
target_224,ElasticNet,0.14003043797576212,10
target_224,XGBoost,0.0762564394600897,10
target_224,LightGBM,0.10404475237493373,10
target_225,ElasticNet,0.0,10
target_225,XGBoost,0.0,10
target_225,LightGBM,0.07496862814397404,10
target_226,ElasticNet,0.07426705091373677,10
target_226,XGBoost,0.0,10
target_226,LightGBM,0.086752230787434,10
target_227,ElasticNet,0.1657079830005547,10
target_227,XGBoost,0.034689368388653316,10
target_227,LightGBM,0.02232013838812116,10
target_228,ElasticNet,0.04423790992900322,10
target_228,XGBoost,0.0,10
target_228,LightGBM,0.09887764909022788,10
target_229,ElasticNet,0.033006341784187286,10
target_229,XGBoost,0.0,10
target_229,LightGBM,-0.021741496629198206,10
target_230,ElasticNet,0.059104661128153047,10
target_230,XGBoost,0.04231852726060024,10
target_230,LightGBM,0.043533185108321104,10
target_231,ElasticNet,0.16650066419853202,10
target_232,ElasticNet,0.0,10
target_232,XGBoost,0.0,10
target_232,LightGBM,0.0652084872428872,10
target_233,ElasticNet,0.07256030993896337,10
target_233,XGBoost,0.0,10
target_233,LightGBM,0.05378120089030566,10
target_234,ElasticNet,0.07091352728201777,10
target_234,XGBoost,0.0,10
target_234,LightGBM,0.10822495132586356,10
target_235,ElasticNet,0.09091338926560771,10
target_235,XGBoost,0.06681065579885305,10
target_235,LightGBM,0.078746656004561,10
target_236,ElasticNet,0.14290600397476516,10
target_236,XGBoost,0.11879228411062732,10
target_236,LightGBM,0.10907937389777526,10
target_237,ElasticNet,0.03689860836182863,10
target_237,XGBoost,0.060785898237971,10
target_237,LightGBM,0.07741104673826812,10
target_238,ElasticNet,0.030641714455650736,10
target_238,XGBoost,0.018812528900840803,10
target_238,LightGBM,0.03038554916964253,10
target_239,ElasticNet,0.12203222289389827,10
target_239,XGBoost,0.0,10
target_239,LightGBM,0.05521365570441123,10
target_240,ElasticNet,0.10097591630936796,10
target_240,XGBoost,0.0,10
target_240,LightGBM,0.02052310129250439,10
target_241,ElasticNet,0.067525185763031,10
target_241,XGBoost,0.04213295165027561,10
target_241,LightGBM,0.03768834374521196,10
target_242,ElasticNet,0.08853446228580296,10
target_242,XGBoost,0.0,10
target_242,LightGBM,0.02146047080267252,10
target_243,ElasticNet,0.10211561380959532,10
target_243,XGBoost,0.013412803516978511,10
target_243,LightGBM,0.02065704313053431,10
target_244,ElasticNet,0.08871396477508532,10
target_244,XGBoost,0.07387684521647635,10
target_244,LightGBM,0.054828845692370655,10
target_245,ElasticNet,0.14952837051102286,10
target_245,XGBoost,0.0,10
target_245,LightGBM,0.07230846427789447,10
target_246,ElasticNet,0.02962335317416569,10
target_246,XGBoost,0.027721602497649638,10
target_246,LightGBM,0.047519350973839726,10
target_247,ElasticNet,0.10121294592186182,10
target_247,XGBoost,0.08336456154792055,10
target_247,LightGBM,0.14512547094242748,10
target_248,ElasticNet,0.07108965783301394,10
target_248,XGBoost,0.0,10
target_248,LightGBM,0.03563535087044321,10
target_249,ElasticNet,0.12659379011896252,10
target_249,XGBoost,0.027608920959809713,10
target_249,LightGBM,0.07723533229385193,10
target_250,ElasticNet,0.016490995078015627,10
target_250,XGBoost,0.0,10
target_250,LightGBM,0.055799043763507195,10
target_251,ElasticNet,0.0,10
target_251,XGBoost,0.021410691328605593,10
target_251,LightGBM,0.0035456108313089985,10
target_252,ElasticNet,0.03127336932027562,10
target_252,XGBoost,0.0,10
target_252,LightGBM,0.0677041558306775,10
target_253,ElasticNet,0.08424401518888891,10
target_253,XGBoost,0.0,10
target_253,LightGBM,0.013008127064969026,10
target_254,ElasticNet,0.1935403294111351,10
target_254,XGBoost,0.03614921053873871,10
target_254,LightGBM,0.011882729474693703,10
target_255,ElasticNet,0.14901613560703683,10
target_255,XGBoost,0.03752116651854781,10
target_255,LightGBM,0.11253604399623464,10
target_256,ElasticNet,0.15610712529340473,10
target_256,XGBoost,0.057027971561048864,10
target_256,LightGBM,0.03963379011678892,10
target_257,ElasticNet,0.14685000849721408,10
target_257,XGBoost,0.05656973533335081,10
target_257,LightGBM,0.0993791058930867,10
target_258,ElasticNet,0.0805218404400692,10
target_258,XGBoost,0.0,10
target_258,LightGBM,0.07008429166358553,10
target_259,ElasticNet,0.039856808818383264,10
target_259,XGBoost,0.0,10
target_259,LightGBM,0.08017315217342937,10
target_260,ElasticNet,0.11836326193778829,10
target_260,XGBoost,0.019314614837735316,10
target_260,LightGBM,0.034284221827020275,10
target_261,ElasticNet,0.029532499011557592,10
target_261,XGBoost,0.05703277194479639,10
target_261,LightGBM,0.05026502900001765,10
target_262,ElasticNet,0.20519847234542976,10
target_262,XGBoost,0.0,10
target_262,LightGBM,0.046823063146784416,10
target_263,ElasticNet,0.06113879267962633,10
target_263,XGBoost,0.04342910710763389,10
target_263,LightGBM,0.1045654287963718,10
target_264,ElasticNet,0.08861396813997209,10
target_264,XGBoost,0.050691604921592644,10
target_264,LightGBM,0.1184132501118413,10
target_265,ElasticNet,0.04201755671983066,10
target_265,XGBoost,0.02026708334194089,10
target_265,LightGBM,-0.01865605397394082,10
target_266,ElasticNet,0.06793586395817781,10
target_266,XGBoost,0.021273391608171155,10
target_266,LightGBM,0.007107510832260495,10
target_267,ElasticNet,0.1302099684345622,10
target_267,XGBoost,0.0,10
target_267,LightGBM,-0.00132260549432512,10
target_268,ElasticNet,0.12618770206560234,10
target_268,XGBoost,0.0,10
target_268,LightGBM,0.037274992719281155,10
target_269,ElasticNet,0.06352951774810563,10
target_269,XGBoost,0.003279419682094877,10
target_269,LightGBM,0.048919930765569386,10
target_270,ElasticNet,0.05096819941749727,10
target_270,XGBoost,0.05381303972256311,10
target_270,LightGBM,0.028928385989618884,10
target_271,ElasticNet,0.05414002818805148,10
target_271,XGBoost,0.04690758169947245,10
target_271,LightGBM,0.016189677405559846,10
target_272,ElasticNet,0.13453442291666887,10
target_272,XGBoost,0.06480596927913375,10
target_272,LightGBM,0.09437737420135812,10
target_273,ElasticNet,0.028060505763981045,10
target_273,XGBoost,0.0,10
target_273,LightGBM,0.04204188271824844,10
target_274,ElasticNet,0.0006856269286538499,10
target_274,XGBoost,0.0,10
target_274,LightGBM,0.04432315219321322,10
target_275,ElasticNet,0.15240313023353422,10
target_275,XGBoost,0.0,10
target_275,LightGBM,0.03653921403864339,10
target_276,ElasticNet,-0.014269461476309734,10
target_276,XGBoost,0.07422418784613857,10
target_276,LightGBM,0.08636251983241595,10
target_277,ElasticNet,0.1449009614426399,10
target_277,XGBoost,0.0,10
target_277,LightGBM,0.057037134202853064,10
target_278,ElasticNet,0.13449102437702973,10
target_278,XGBoost,0.02822685079528137,10
target_278,LightGBM,0.08768641824902346,10
target_279,ElasticNet,0.11002114778837695,10
target_279,XGBoost,0.031012049959520782,10
target_279,LightGBM,0.049740638956490446,10
target_280,ElasticNet,0.007438046241972286,10
target_280,XGBoost,0.0,10
target_280,LightGBM,0.0236781667126492,10
target_281,ElasticNet,0.001198042997860391,10
target_281,XGBoost,0.0,10
target_281,LightGBM,0.03504063967989879,10
target_282,ElasticNet,0.030719616284912016,10
target_282,XGBoost,0.0,10
target_282,LightGBM,0.023781010783532137,10
target_283,ElasticNet,0.10493882411644123,10
target_283,XGBoost,0.0,10
target_283,LightGBM,0.10119461469208761,10
target_284,ElasticNet,0.09311907562877658,10
target_284,XGBoost,0.0,10
target_284,LightGBM,0.016676821776828145,10
target_285,ElasticNet,0.10713701510677154,10
target_285,XGBoost,0.0,10
target_285,LightGBM,0.04522153621729349,10
target_286,ElasticNet,0.025144104497524872,10
target_286,XGBoost,0.0,10
target_286,LightGBM,0.08603816172654738,10
target_287,ElasticNet,0.15748025078956093,10
target_287,XGBoost,0.0,10
target_287,LightGBM,0.07765453692483248,10
target_288,ElasticNet,0.03681773438201738,10
target_288,XGBoost,0.0,10
target_288,LightGBM,0.08103357490575883,10
target_289,ElasticNet,0.011548661387544306,10
target_289,XGBoost,0.0,10
target_289,LightGBM,0.024158038766367098,10
target_290,ElasticNet,0.10930039350675658,10
target_290,XGBoost,0.0251264493511488,10
target_290,LightGBM,0.07162368226337901,10
target_291,ElasticNet,0.09386179155071434,10
target_291,XGBoost,0.0,10
target_291,LightGBM,0.09909969388437274,10
target_292,ElasticNet,0.07076616871842262,10
target_292,XGBoost,0.04091417245648452,10
target_292,LightGBM,0.06797689526042004,10
target_293,ElasticNet,0.03217776848343685,10
target_293,XGBoost,0.0,10
target_293,LightGBM,0.09533396824788919,10
target_294,ElasticNet,0.0038717197166315367,10
target_294,XGBoost,0.03559356329114761,10
target_294,LightGBM,0.04932141699034868,10
target_295,ElasticNet,0.0,10
target_295,XGBoost,0.02596153843163054,10
target_295,LightGBM,0.05162733582324624,10
target_296,ElasticNet,0.07724475071413846,10
target_296,XGBoost,0.0,10
target_296,LightGBM,0.07994515910935325,10
target_297,ElasticNet,0.09036440923762916,10
target_297,XGBoost,0.017193400242937435,10
target_297,LightGBM,0.01911050693144176,10
target_298,ElasticNet,0.058672575667828776,10
target_298,XGBoost,0.0621103268022499,10
target_298,LightGBM,0.027856212128282338,10
target_299,ElasticNet,0.08257505416279791,10
target_299,XGBoost,0.0,10
target_299,LightGBM,0.11812222645764732,10
target_300,ElasticNet,0.08312165295637802,10
target_300,XGBoost,0.08554599755585934,10
target_300,LightGBM,0.06271483964564593,10
target_301,ElasticNet,0.014099917378934302,10
target_301,XGBoost,0.0,10
target_301,LightGBM,0.03220941291927532,10
target_302,ElasticNet,0.06925234243069114,10
target_302,XGBoost,0.0,10
target_302,LightGBM,-0.009130796759552291,10
target_303,ElasticNet,-0.012668657512149082,10
target_303,XGBoost,0.0,10
target_303,LightGBM,0.04312907808712033,10
target_304,ElasticNet,0.07278980062320903,10
target_304,XGBoost,0.0,10
target_304,LightGBM,0.05430032279413797,10
target_305,ElasticNet,0.07679496584939917,10
target_305,XGBoost,0.04177590296738495,10
target_305,LightGBM,0.05834114428336126,10
target_306,ElasticNet,0.15507398462436695,10
target_306,XGBoost,0.0,10
target_306,LightGBM,0.05920544654408341,10
target_307,ElasticNet,0.16796512080554335,10
target_307,XGBoost,0.10049142284139684,10
target_307,LightGBM,0.1087682166084462,10
target_308,ElasticNet,0.15306114983700006,10
target_308,XGBoost,0.02539297739697446,10
target_308,LightGBM,0.028576403433741935,10
target_309,ElasticNet,0.12767835362340058,10
target_309,XGBoost,0.0,10
target_309,LightGBM,0.07165813870363262,10
target_310,ElasticNet,0.09543928452282707,10
target_310,XGBoost,0.0,10
target_310,LightGBM,0.09216841337796995,10
target_311,ElasticNet,0.09622311209227809,10
target_311,XGBoost,0.0,10
target_311,LightGBM,0.07887493785147526,10
target_312,ElasticNet,0.07031570727074037,10
target_313,ElasticNet,0.04540302218830337,10
target_313,XGBoost,0.022699100153886317,10
target_313,LightGBM,0.04335719008867822,10
target_314,ElasticNet,0.015316934585151215,10
target_314,XGBoost,0.0,10
target_314,LightGBM,0.0031065683252034606,10
target_315,ElasticNet,0.12324660275181741,10
target_315,XGBoost,0.12063127949254344,10
target_315,LightGBM,0.11496868150501682,10
target_316,ElasticNet,0.07494172821084572,10
target_316,XGBoost,0.0,10
target_316,LightGBM,0.08893914933093199,10
target_317,ElasticNet,0.061266965846648,10
target_317,XGBoost,0.03280507184095962,10
target_317,LightGBM,0.04203902826299916,10
target_318,ElasticNet,0.006257690801908773,10
target_318,XGBoost,0.0,10
target_318,LightGBM,0.007703932306966525,10
target_319,ElasticNet,0.12908199332726203,10
target_319,XGBoost,0.052496562873005144,10
target_319,LightGBM,0.05688899812105929,10
target_320,ElasticNet,0.048373331558920374,10
target_320,XGBoost,0.057196867456285584,10
target_320,LightGBM,0.05888434301677178,10
target_321,ElasticNet,0.15029522690075625,10
target_321,XGBoost,0.12875099090258788,10
target_321,LightGBM,0.07194903090128783,10
target_322,ElasticNet,0.18454920817706957,10
target_322,XGBoost,0.0,10
target_322,LightGBM,0.09196454044184395,10
target_323,ElasticNet,0.053345233287979764,10
target_323,XGBoost,0.0,10
target_323,LightGBM,0.043230457900835816,10
target_324,ElasticNet,0.18738110021703427,10
target_324,XGBoost,0.0859557089282038,10
target_324,LightGBM,0.11429388221841053,10
target_325,ElasticNet,0.04832732378555462,10
target_325,XGBoost,0.022913643754919888,10
target_325,LightGBM,0.07470038934056529,10
target_326,ElasticNet,0.025790908317718932,10
target_326,XGBoost,0.015507876353261849,10
target_326,LightGBM,0.019033925924302596,10
target_327,ElasticNet,0.020650155459937453,10
target_327,XGBoost,0.07927450252295909,10
target_327,LightGBM,0.111038931530118,10
target_328,ElasticNet,0.09825363853568407,10
target_328,XGBoost,0.0,10
target_328,LightGBM,0.018787252171798673,10
target_329,ElasticNet,0.10623498890424676,10
target_329,XGBoost,0.02962348507214167,10
target_329,LightGBM,0.10305653694575367,10
target_330,ElasticNet,0.016436940957191885,10
target_330,XGBoost,0.0,10
target_330,LightGBM,-0.005641811346540006,10
target_331,ElasticNet,0.1190145416199017,10
target_331,XGBoost,0.05456617028001185,10
target_331,LightGBM,0.07898465228696315,10
target_332,ElasticNet,0.09041070767968658,10
target_332,XGBoost,0.029047100339259464,10
target_332,LightGBM,0.05871917756228301,10
target_333,ElasticNet,0.044300659282815145,10
target_333,XGBoost,0.0,10
target_333,LightGBM,0.04549278911681908,10
target_334,ElasticNet,0.09235644220571977,10
target_334,XGBoost,0.10600708293528881,10
target_334,LightGBM,0.1450134702967245,10
target_335,ElasticNet,0.0824139767696817,10
target_335,XGBoost,0.030637644195218416,10
target_335,LightGBM,0.13122477236217203,10
target_336,ElasticNet,0.05014261941321563,10
target_336,XGBoost,0.01403297414923677,10
target_336,LightGBM,0.09838480720442089,10
target_337,ElasticNet,0.04494153332801779,10
target_337,XGBoost,0.0,10
target_337,LightGBM,-0.034862208693589705,10
target_338,ElasticNet,0.04293688647893893,10
target_338,XGBoost,0.02123466285949892,10
target_338,LightGBM,0.0728765055447459,10
target_339,ElasticNet,0.1504549871896811,10
target_339,XGBoost,0.06554047729712478,10
target_339,LightGBM,0.03391936654833804,10
target_340,ElasticNet,0.061777491144007886,10
target_340,XGBoost,0.0,10
target_340,LightGBM,0.04451271608660485,10
target_341,ElasticNet,0.1304591079880553,10
target_341,XGBoost,0.0,10
target_341,LightGBM,0.07885524594586274,10
target_342,ElasticNet,0.15854291503090923,10
target_342,XGBoost,0.04285997242873583,10
target_342,LightGBM,0.11694492555110746,10
target_343,ElasticNet,0.2308186829513187,10
target_343,XGBoost,0.11064513732825713,10
target_343,LightGBM,0.15443023118210628,10
target_344,ElasticNet,0.15203313408503805,10
target_344,XGBoost,0.04289457412057984,10
target_344,LightGBM,0.11157842540854407,10
target_345,ElasticNet,0.17277053749557392,10
target_345,XGBoost,0.0,10
target_345,LightGBM,0.10321300833595733,10
target_346,ElasticNet,0.02223050990373594,10
target_346,XGBoost,0.0,10
target_346,LightGBM,0.0660606815947052,10
target_347,ElasticNet,0.0,10
target_347,XGBoost,0.0,10
target_347,LightGBM,-0.031092003965271574,10
target_348,ElasticNet,0.09218545283370665,10
target_348,XGBoost,0.0,10
target_348,LightGBM,0.024004344741157996,10
target_349,ElasticNet,0.0,10
target_349,XGBoost,0.10036496857259358,10
target_349,LightGBM,0.07859940088711177,10
target_350,ElasticNet,0.07789682877171183,10
target_350,XGBoost,0.05098299114042093,10
target_350,LightGBM,0.07749524228509712,10
target_351,ElasticNet,0.038509928403788245,10
target_351,XGBoost,0.0,10
target_351,LightGBM,0.0558384275576764,10
target_352,ElasticNet,0.13968054974950095,10
target_352,XGBoost,0.06258669813383803,10
target_352,LightGBM,0.12451674657030255,10
target_353,ElasticNet,0.09378519412821758,10
target_353,XGBoost,0.0,10
target_353,LightGBM,0.043219595660606014,10
target_354,ElasticNet,0.18763493608440077,10
target_354,XGBoost,0.09377139992285148,10
target_354,LightGBM,0.12329839023556699,10
target_355,ElasticNet,0.0988657231684154,10
target_355,XGBoost,0.03609581767785267,10
target_355,LightGBM,0.03001703992660647,10
target_356,ElasticNet,0.006825205752781495,10
target_356,XGBoost,0.0,10
target_356,LightGBM,0.08372251319503549,10
target_357,ElasticNet,0.1595003828121184,10
target_357,XGBoost,0.02690643572779437,10
target_357,LightGBM,0.11552124999790292,10
target_358,ElasticNet,0.0,10
target_358,XGBoost,0.0,10
target_358,LightGBM,0.019876279138772362,10
target_359,ElasticNet,0.07489602974859898,10
target_359,XGBoost,0.033349168277862294,10
target_359,LightGBM,0.01571002135778131,10
target_360,ElasticNet,0.10070216137226984,10
target_360,XGBoost,0.0,10
target_360,LightGBM,0.022103278160909054,10
target_361,ElasticNet,0.038117567343858884,10
target_361,XGBoost,0.0,10
target_361,LightGBM,-0.004879407650575013,10
target_362,ElasticNet,0.02597470700480407,10
target_362,XGBoost,0.011795336183321773,10
target_362,LightGBM,0.038521268559471696,10
target_363,ElasticNet,0.13741008667965982,10
target_363,XGBoost,0.057127896755783066,10
target_363,LightGBM,0.05742749678986491,10
target_364,ElasticNet,0.07915592442260601,10
target_364,XGBoost,0.0,10
target_364,LightGBM,-0.013916636029981994,10
target_365,ElasticNet,0.07936156027050441,10
target_365,XGBoost,0.07726831982289172,10
target_365,LightGBM,0.08017725203546901,10
target_366,ElasticNet,0.19091972555123524,10
target_366,XGBoost,0.18375984430329942,10
target_366,LightGBM,0.09431792016722358,10
target_367,ElasticNet,0.1596007685244485,10
target_367,XGBoost,0.0,10
target_367,LightGBM,0.08139409069136523,10
target_368,ElasticNet,0.23892649554795695,10
target_368,XGBoost,0.04935100592260253,10
target_368,LightGBM,0.05036180626799206,10
target_369,ElasticNet,0.059500047823390745,10
target_369,XGBoost,0.015284335682104298,10
target_369,LightGBM,0.015320813388752137,10
target_370,ElasticNet,0.14437236857415525,10
target_370,XGBoost,0.0,10
target_370,LightGBM,0.043012936609933,10
target_371,ElasticNet,0.2512017009848555,10
target_371,XGBoost,0.0,10
target_371,LightGBM,0.028511408242198805,10
target_372,ElasticNet,0.23950272697704786,10
target_372,XGBoost,0.018294828547711074,10
target_372,LightGBM,0.0527912784616446,10
target_373,ElasticNet,0.08015715271181124,10
target_373,XGBoost,0.04218125933612024,10
target_373,LightGBM,0.04916909545993778,10
target_374,ElasticNet,0.1279852125059264,10
target_374,XGBoost,0.0,10
target_374,LightGBM,0.12461635935119525,10
target_375,ElasticNet,0.21842206146588702,10
target_375,XGBoost,0.022419185122246398,10
target_375,LightGBM,0.029033233752475934,10
target_376,ElasticNet,0.1954128743567779,10
target_376,XGBoost,0.0,10
target_376,LightGBM,0.12110057523421312,10
target_377,ElasticNet,0.07677616648199789,10
target_377,XGBoost,0.0,10
target_377,LightGBM,0.03797527994151125,10
target_378,ElasticNet,0.01642956766478876,10
target_378,XGBoost,0.0,10
target_378,LightGBM,0.06961461575479493,10
target_379,ElasticNet,0.07121665355960773,10
target_379,XGBoost,0.05021286410308789,10
target_379,LightGBM,0.03180132562864422,10
target_380,ElasticNet,0.08225823201049286,10
target_380,XGBoost,0.0,10
target_380,LightGBM,0.017763186319335742,10
target_381,ElasticNet,0.1920951036144826,10
target_381,XGBoost,0.0,10
target_381,LightGBM,0.04162354341949113,10
target_382,ElasticNet,0.04250547672061491,10
target_382,XGBoost,0.0,10
target_382,LightGBM,0.05172275764393503,10
target_383,ElasticNet,0.041478372175368296,10
target_383,XGBoost,0.0,10
target_383,LightGBM,0.035585836996341706,10
target_384,ElasticNet,0.09043650681154579,10
target_384,XGBoost,0.003336832965914827,10
target_384,LightGBM,0.03900629068225855,10
target_385,ElasticNet,0.1485649092433651,10
target_385,XGBoost,0.0017667724240128882,10
target_385,LightGBM,0.033324637986817306,10
target_386,ElasticNet,0.16952377033087532,10
target_386,XGBoost,0.0,10
target_386,LightGBM,0.0696771576801553,10
target_387,ElasticNet,0.14735006384036722,10
target_387,XGBoost,0.022828790634417274,10
target_387,LightGBM,0.05285927621146685,10
target_388,ElasticNet,0.09953580062030913,10
target_388,XGBoost,0.0,10
target_388,LightGBM,0.043105357385312605,10
target_389,ElasticNet,0.040312193494688904,10
target_389,XGBoost,0.04974203873087133,10
target_389,LightGBM,0.07245048824902457,10
target_390,ElasticNet,0.06793729086213975,10
target_390,XGBoost,0.02226862050914955,10
target_390,LightGBM,0.09224711309528467,10
target_391,ElasticNet,0.09782775809594008,10
target_391,XGBoost,7.934273931913098e-05,10
target_391,LightGBM,0.026733902055257972,10
target_392,ElasticNet,0.010734564995786148,10
target_392,XGBoost,0.0,10
target_392,LightGBM,-0.012452002712783433,10
target_393,ElasticNet,0.05062134659168719,10
target_393,XGBoost,0.014151661282885149,10
target_393,LightGBM,-0.019443295733098585,10
target_394,ElasticNet,0.10877178982927226,10
target_394,XGBoost,0.047705284882803844,10
target_394,LightGBM,0.0889647563359493,10
target_395,ElasticNet,0.08719861576657946,10
target_395,XGBoost,0.02889172227261429,10
target_395,LightGBM,0.06762935848521714,10
target_396,ElasticNet,0.08172180006142794,10
target_396,XGBoost,0.10659959119135558,10
target_396,LightGBM,0.13959954847468714,10
target_397,ElasticNet,5.494815099471903e-05,10
target_397,XGBoost,0.08817402958068958,10
target_397,LightGBM,0.08612838344995082,10
target_398,ElasticNet,0.01667532829393597,10
target_398,XGBoost,0.0,10
target_398,LightGBM,0.04931195397717084,10
target_399,ElasticNet,0.15998438822236913,10
target_399,XGBoost,0.12034921289087269,10
target_399,LightGBM,0.11503773439929005,10
target_400,ElasticNet,0.01685112453714063,10
target_400,XGBoost,0.039642039606717146,10
target_400,LightGBM,-0.0411688352634364,10
target_401,ElasticNet,0.1034202699079176,10
target_401,XGBoost,0.048033933658132404,10
target_401,LightGBM,0.03329294543904001,10
target_402,ElasticNet,0.23180789004801783,10
target_402,XGBoost,0.0,10
target_402,LightGBM,0.044700346753035525,10
target_403,ElasticNet,0.022555320926334943,10
target_403,XGBoost,0.0,10
target_403,LightGBM,0.03154667466568356,10
target_404,ElasticNet,0.010857666600326088,10
target_404,XGBoost,0.10920201331621837,10
target_404,LightGBM,0.06768051425083145,10
target_405,ElasticNet,0.0782775294655179,10
target_405,XGBoost,0.022491312624917586,10
target_405,LightGBM,0.10450793107243683,10
target_406,ElasticNet,0.2128699552722886,10
target_407,ElasticNet,0.24388655143183158,10
target_408,ElasticNet,0.14778560534160498,10
target_408,XGBoost,0.028349419533801143,10
target_408,LightGBM,0.08200762989523742,10
target_409,ElasticNet,0.16275168446944463,10
target_409,XGBoost,0.07218863468840972,10
target_409,LightGBM,0.04654442635445575,10
target_410,ElasticNet,0.14086168360352572,10
target_410,XGBoost,0.11077403815069455,10
target_410,LightGBM,0.13867284823079254,10
target_411,ElasticNet,0.15473214326337922,10
target_411,XGBoost,0.07711892586088717,10
target_411,LightGBM,0.12180625121964646,10
target_412,ElasticNet,0.11420430702506862,10
target_412,XGBoost,0.0,10
target_412,LightGBM,0.10453603109522097,10
target_413,ElasticNet,0.03897532886348225,10
target_413,XGBoost,0.0,10
target_413,LightGBM,0.002842484489549707,10
target_414,ElasticNet,0.06076796805007464,10
target_414,XGBoost,0.0,10
target_414,LightGBM,0.09862071412507911,10
target_415,ElasticNet,0.18042637503204328,10
target_415,XGBoost,0.0,10
target_415,LightGBM,0.05322760549421249,10
target_416,ElasticNet,-0.03508226948163195,10
target_416,XGBoost,0.0,10
target_416,LightGBM,0.05309487308483698,10
target_417,ElasticNet,0.20293581675115568,10
target_417,XGBoost,0.0018543841805951581,10
target_417,LightGBM,0.10146515660145787,10
target_418,ElasticNet,0.08884996540611166,10
target_418,XGBoost,0.0,10
target_418,LightGBM,0.11872022332133907,10
target_419,ElasticNet,0.10355172493614918,10
target_419,XGBoost,0.06317870566937865,10
target_419,LightGBM,0.08488165632279397,10
target_420,ElasticNet,0.03601515054273443,10
target_420,XGBoost,0.020922267242844766,10
target_420,LightGBM,0.05443792855933788,10
target_421,ElasticNet,0.06780366840655812,10
target_421,XGBoost,0.0,10
target_421,LightGBM,0.03881993733584377,10
target_422,ElasticNet,0.20117340429755978,10
target_422,XGBoost,0.023395590391938687,10
target_422,LightGBM,0.029262996596427688,10
target_423,ElasticNet,0.16503219666658217,10
target_423,XGBoost,0.08810148538501679,10
target_423,LightGBM,0.12002524243826068,10
